Mass,RT,FORMULA,Isomers,Label,Confidence,Standard,Category
125.998687,6.604855363,C2H6O4S,2,2-Hydroxyethanesulfonate,10,TRUE,
148.0371633,10.85667961,C5H8O5,15,2-Hydroxyglutaric acid,10,TRUE,
206.0426748,12.64102675,C7H10O7,5,2-Methylcitric acid,8,TRUE,
104.0473661,5.583293529,C4H8O3,11,3-Hydroxybutyric acid,10,TRUE,
185.9929529,12.91670447,C3H7O7P,2,3-Phosphoglyceric acid,10,TRUE,
145.085169,10.00466719,C5H11N3O2,3,4-Guanidinobutanoic acid,10,TRUE,
136.0523711,2.996279029,C8H8O2,27,4-Hydroxyphenylacetaldehyde,10,TRUE,
183.053118,2.969813956,C8H9NO4,7,4-Pyridoxic acid,8,TRUE,
246.0852467,5.999167238,C9H14N2O6,2,"5,6-Dihydrouridine",7,TRUE,
257.1010639,6.548110348,C10H15N3O5,2,5-Methylcytidine,7,TRUE,
203.1153819,6.790687085,C9H17NO4,3,Acetylcarnitine,10,TRUE,
404.5631021,8.911088018,C23H38N7O17P3S,1,Acetyl-CoA,10,TRUE,TCA
135.0544444,5.717833341,C5H5N5,2,Adenine,10,TRUE,
267.0967817,5.416058103,C10H13N5O4,6,Adenosine,10,TRUE,
347.0630409,9.596654289,C10H14N5O7P,10,Adenosine monophosphate,10,TRUE,
384.1217387,9.02750174,C14H20N6O5S,2,Adenosylhomocysteine,8,TRUE,
427.0295319,11.15703837,C10H15N5O10P2,5,ADP,10,TRUE,
89.04764396,9.628274077,C3H7NO2,9,Alanine,8,TRUE,AA
158.0440509,8.454320693,C4H6N4O3,1,Allantoin,8,TRUE,
103.0632547,8.826750938,C4H9NO2,17,alpha-Aminobutyric acid,9,TRUE,
161.0687914,10.42290751,C6H11NO4,12,Aminoadipic acid,10,TRUE,
174.1116555,18.50724179,C6H14N4O2,1,Arginine,10,TRUE,AA
132.0534518,10.34730763,C4H8N2O3,6,Asparagine,10,TRUE,AA
133.0374753,10.42609512,C4H7NO4,3,Aspartic acid,10,TRUE,AA
188.104856,7.258563396,C9H16O4,12,Azelaic acid,7,TRUE,
244.0882675,5.281329328,C10H16N2O3S,1,Biotin,8,TRUE,
144.1150036,2.75675427,C8H16O2,43,Caprylic acid,10,TRUE,
201.1364953,2.753197299,C10H19NO3,4,Capryloylglycine,9,TRUE,
161.1050289,8.594206484,C7H15NO3,3,Carnitine,10,TRUE,
226.1065596,10.84374825,C9H14N4O3,4,Carnosine,10,TRUE,
446.0604987,11.87990638,C11H20N4O11P2,1,CDP-Ethanolamine,10,TRUE,
174.0164448,13.54929245,C6H6O6,5,cis-Aconitic acid,10,TRUE,TCA
488.1075537,11.0040339,C14H26N4O11P2,1,Citicoline,10,TRUE,
192.0269753,13.99045751,C6H8O7,13,Citric acid,10,TRUE,TCA
175.0956882,10.87550235,C6H13N3O3,3,Citrulline,8,TRUE,
131.0692928,9.612681137,C4H9N3O2,2,Creatine,10,TRUE,
113.0587791,5.812070949,C4H7N3O,1,Creatinine,10,TRUE,
329.0527706,5.802439056,C10H12N5O6P,3,Cyclic AMP,8,TRUE,
222.067498,12.42126508,C7H14N2O4S,3,Cystathionine,8,TRUE,
169.004486,10.78355509,C3H7NO5S,1,Cysteic acid,10,TRUE,
200.9765301,11.65296913,C3H7NO5S2,1,Cysteine-S-sulfate,10,TRUE,
240.0238023,11.70738555,C6H12N2O4S2,1,Cystine,10,TRUE,
243.0856638,7.221027067,C9H13N3O5,5,Cytidine,10,TRUE,
323.051853,11.38918559,C9H14N3O8P,3,Cytidine monophosphate,10,TRUE,
111.0430942,6.78634998,C4H5N3O,2,Cytosine,10,TRUE,Nucleobase
331.0681521,8.704226404,C10H14N5O6P,3,Deoxyadenosine monophosphate,10,TRUE,
249.0724835,6.303790983,C9H13N3O4,1,Deoxycytidine,10,TRUE,
228.0747409,4.873154616,C9H12N2O5,3,Deoxyuridine,10,TRUE,
190.0952787,13.37562526,C7H14N2O4,7,Diaminopimelic acid,10,TRUE,
105.0788842,11.79580062,C4H11NO2,2,Diethanolamine,10,TRUE,
103.0632267,7.658713441,C4H9NO2,17,Dimethylglycine,10,TRUE,
142.0742655,8.36571775,C6H10N2O2,1,Ectoine,10,TRUE,
229.0885675,9.669247156,C9H15N3O2S,2,Ergothioneine,10,TRUE,
785.1581303,7.657776423,C27H33N9O15P2,1,FAD,10,TRUE,
456.1044665,7.596479324,C17H21N4O9P,1,Flavin Mononucleotide,8,TRUE,
103.0632646,10.38964027,C4H9NO2,17,gamma-Aminobutyric acid,10,TRUE,
250.0621713,9.728075778,C8H14N2O5S,3,gamma-Glutamylcysteine,8,TRUE,
154.0265902,4.747078483,C7H6O4,13,Gentisic acid,10,TRUE,
210.0375741,12.59100501,C6H10O8,2,Glucaric acid,10,TRUE,
180.0634035,9.172713872,C6H12O6,18,Glucose,10,TRUE,Sugar
147.0530902,10.18725589,C5H9NO4,12,Glutamic acid,10,TRUE,AA
146.0693002,10.1315286,C5H10N2O3,5,Glutamine,8,TRUE,AA
275.1370289,8.656372103,C12H21NO6,1,Glutarylcarnitine,9,TRUE,
307.0839348,9.984318821,C10H17N3O6S,5,Glutathione,10,TRUE,
132.0534826,9.349890768,C4H8N2O3,6,Gly/Gly,9,TRUE,
106.0265841,7.561640881,C3H6O4,1,Glyceric acid,10,TRUE,
172.0136177,10.68112373,C3H9O6P,2,Glycerol 3-phosphate,10,TRUE,
257.102577,9.750820712,C8H20NO6P,1,Glycerophosphocholine,10,TRUE,
75.03202283,10.49209135,C2H5NO2,6,Glycine,10,TRUE,AA
117.0537404,10.45688792,C3H7N3O2,1,Guanidoacetic acid,10,TRUE,
173.0312955,7.601548837,C5H5N5O,4,Guanine,10,TRUE,
283.0917431,7.834989631,C10H13N5O5,6,Guanosine,10,TRUE,
443.0245301,13.90401383,C10H15N5O11P2,2,Guanosine diphosphate,10,TRUE,
605.0778098,13.91276783,C16H25N5O16P2,2,Guanosine diphosphate mannose,10,TRUE,
363.0580744,12.32648677,C10H14N5O8P,6,Guanosine monophosphate,10,TRUE,
178.0477296,7.736285991,C6H10O6,24,Gulonolactone,8,TRUE,
189.111328,10.25141212,C7H15N3O3,1,Homocitrulline,9,TRUE,
168.0421849,5.370440854,C8H8O4,29,Homogentisic acid,10,TRUE,
247.14192,7.104663805,C11H21NO5,1,Hydroxybutyrylcarnitine,9,TRUE,
224.079612,8.046800012,C10H12N2O4,4,Hydroxykynurenine,10,TRUE,
109.0196921,9.959332661,C2H7NO2S,1,Hypotaurine,10,TRUE,
136.0383933,6.099487124,C5H4N4O,4,Hypoxanthine,10,TRUE,
126.0428725,7.351332256,C5H6N2O2,3,Imidazoleacetic acid,8,TRUE,
268.0806329,6.628497755,C10H12N4O5,3,Inosine,10,TRUE,
348.0470291,11.15791777,C10H13N4O8P,3,Inosinic acid,10,TRUE,
179.0444205,8.988461267,C6H5N5O2,3,Isoxanthopterin,7,TRUE,
208.0847795,6.624383315,C10H12N2O3,3,Kynurenine,10,TRUE,
90.03165728,5.811430129,C3H6O3,9,Lactic acid,10,TRUE,Sugar
131.0945288,6.600976825,C6H13NO2,14,Leucine,10,TRUE,AA
146.1055256,18.01165588,C6H14N2O2,6,Lysine,10,TRUE,AA
134.0214898,11.64199895,C4H6O5,5,Malic acid,10,TRUE,TCA
104.0109398,11.16182701,C3H4O4,3,Malonic acid,8,TRUE,
149.0510999,7.168469536,C5H11NO2S,3,Methionine,10,TRUE,AA
165.0459622,8.873516157,C5H11NO3S,2,Methionine sulfoxide,8,TRUE,
181.0408436,7.519070715,C5H11NO4S,2,MetOO,9,TRUE,
160.1211566,16.97472377,C7H16N2O2,6,N(6)-Methyllysine,8,TRUE,
188.15246,16.03041352,C9H20N2O2,2,"N6,N6,N6-Trimethyl-L-lysine",10,TRUE,
188.1161174,8.330531754,C8H16N2O3,10,N6-Acetyl-L-lysine,10,TRUE,
216.1222129,9.86304295,C8H16N4O3,1,N-a-Acetyl-L-arginine,9,TRUE,
189.0637639,10.03680482,C7H11NO5,5,N-Acetylglutamic acid,10,TRUE,
188.0795868,6.624259046,C7H12N2O4,2,N-Acetylglutamine,7,TRUE,
197.0800305,6.288446767,C8H11N3O3,2,N-Acetylhistidine,9,TRUE,
175.0481115,10.41641127,C6H9NO5,4,N-Acetyl-L-aspartic acid,10,TRUE,
130.1105349,13.29191566,C6H14N2O,2,N-Acetylputrescine,8,TRUE,
663.1097002,9.929751657,C21H27N7O14P2,2,NAD,10,TRUE,
665.1253711,9.39051433,C21H29N7O14P2,3,NADH,10,TRUE,
743.0763023,12.93626785,C21H28N7O17P3,2,NADP,8,TRUE,
188.1160955,10.18721612,C8H16N2O3,10,N-Alpha-acetyllysine,8,TRUE,
174.1367896,15.33138723,C8H18N2O2,1,"Ne,Ne dimethyllysine",9,TRUE,
147.0531497,6.833034901,C5H9NO4,12,O-Acetylserine,10,TRUE,
141.0190864,11.37117442,C2H8NO4P,2,O-Phosphoethanolamine,10,TRUE,
199.0246344,11.65059586,C4H10NO6P,3,O-Phosphothreonine,8,TRUE,
289.1274179,9.175901672,C11H19N3O6,6,Ophthalmic acid,7,TRUE,
132.0898466,16.91265049,C5H12N2O2,4,Ornithine,10,TRUE,
156.0171156,6.168859699,C5H4N2O4,2,Orotic acid,8,TRUE,
89.99524802,13.14140641,C2H2O4,1,Oxalic acid,10,TRUE,
612.1525743,13.50758284,C20H32N6O12S2,1,Oxidized glutathione,10,TRUE,
146.0215294,11.19096345,C5H6O5,9,Oxoglutaric acid,10,TRUE,
219.1106031,5.20964366,C9H17NO5,1,Pantothenic acid,10,TRUE,
165.0789973,6.161098981,C9H11NO2,12,Phenylalanine,10,TRUE,AA
211.0360088,11.0300126,C4H10N3O5P,2,Phosphocreatine,10,TRUE,
167.9823495,13.4089144,C3H5O6P,3,Phosphoenolpyruvic acid,10,TRUE,
129.0789324,7.696081198,C6H11NO2,12,Pipecolic acid,10,TRUE,
115.0632387,8.067816638,C5H9NO2,4,Proline,10,TRUE,AA
114.0792931,7.05913652,C5H10N2O,3,proline amide,7,TRUE,
217.1312295,5.897404024,C10H19NO4,1,Propionylcarnitine,9,TRUE,
244.0695355,7.381191344,C9H12N2O6,2,Pseudouridine,10,TRUE,
120.0435026,4.8401454,C5H4N4,1,Purine,8,TRUE,
167.0582676,4.686403254,C8H9NO3,10,Pyridoxal,8,TRUE,
192.0633829,8.2947801,C7H12O6,9,Quinic acid,8,TRUE,
167.0219277,10.86842044,C7H5NO4,8,Quinolinic acid,8,TRUE,
504.1694421,11.84842926,C18H32O16,28,Raffinose,10,TRUE,Sugar
230.0191876,11.44430913,C5H11O8P,12,Ribose 5-phosphate,8,TRUE,
258.0852753,4.966104564,C10H14N2O6,4,Ribothymidine,7,TRUE,
290.0403254,11.96574405,C7H15O10P,4,Sedoheptulose 7-phosphate,10,TRUE,
105.0425106,10.6851554,C3H7NO3,2,Serine,10,TRUE,AA
174.0528922,9.351268809,C7H10O5,10,Shikimic acid,8,TRUE,
174.0891973,8.432868301,C8H14O4,7,Suberic acid,7,TRUE,
118.026626,10.87049305,C4H6O4,10,Succinic acid,10,TRUE,TCA
364.098324,10.15845534,C12H22O11,29,Sucrose,10,TRUE,Sugar
188.1272732,16.95183909,C7H16N4O2,4,Targinine,9,TRUE,
150.016457,12.60624301,C4H6O6,1,Tartaric acid,10,TRUE,
125.0146525,9.74607475,C2H7NO3S,1,Taurine,10,TRUE,
371.3036949,2.917275263,C21H41NO4,2,Tetradecanoylcarnitine,9,TRUE,
344.070912,10.09200797,C12H17N4O4PS,1,Thiamine monophosphate,8,TRUE,
126.042892,4.452471497,C5H6N2O2,3,Thymine,8,TRUE,
75.06836628,6.729010223,C3H9NO,6,Trimethylamine N-oxide,10,TRUE,
204.089859,7.14166834,C11H12N2O2,8,Tryptophan,10,TRUE,AA
181.0739044,8.305969304,C9H11NO3,9,Tyrosine,8,TRUE,AA
566.055345,12.10257351,C15H24N2O17P2,2,UDP-glucose,10,TRUE,
112.027335,5.064223653,C4H4N2O2,2,Uracil,10,TRUE,Nucleobase
176.0432447,12.37586838,C5H8N2O5,3,Ureidosuccinic acid,8,TRUE,
168.0282983,8.206183354,C5H4N4O3,1,Uric acid,10,TRUE,
244.0695735,5.844084397,C9H12N2O6,2,Uridine,10,TRUE,
404.0023088,12.47022271,C9H14N2O12P2,1,Uridine 5'-diphosphate,10,TRUE,
324.0359796,10.83356077,C9H13N2O9P,4,Uridine 5'-monophosphate,10,TRUE,
580.03496,15.07395051,C15H22N2O18P2,2,Uridine diphosphate glucuronic acid,10,TRUE,
138.0427531,6.741456965,C6H6N2O2,7,Urocanic acid,10,TRUE,
117.0790048,7.900754276,C5H11NO2,13,Valine,10,TRUE,AA
152.033396,7.025754276,C5H4N4O2,3,Xanthine,10,TRUE,
284.0758143,7.828616123,C10H12N4O6,1,Xanthosine,10,TRUE,
306.057774,7.849058603,C10H12N4O6,1,Xanthosine,10,TRUE,
205.0375299,6.833159434,C10H7NO4,4,Xanthurenic acid,10,TRUE,
364.0418337,13.96986604,C10H13N4O9P,1,Xanthylic acid,10,TRUE,
